[
{
    "fields": {
        "gender": "Female"
    },
    "model": "users.gender",
    "pk": 5
},
{
    "fields": {
        "gender": "Male"
    },
    "model": "users.gender",
    "pk": 6
},
{
    "fields": {
        "gender": "Other"
    },
    "model": "users.gender",
    "pk": 7
},
{
    "fields": {
        "gender": "Prefer not to say"
    },
    "model": "users.gender",
    "pk": 8
},
{
    "fields": {
        "dob": "2000-08-08",
        "gender": 5,
        "user": 41
    },
    "model": "users.member",
    "pk": 7
},
{
    "fields": {
        "dob": "1995-05-19",
        "gender": 6,
        "user": 42
    },
    "model": "users.member",
    "pk": 8
},
{
    "fields": {
        "dob": "2000-12-31",
        "gender": 5,
        "user": 43
    },
    "model": "users.member",
    "pk": 9
},
{
    "fields": {
        "dob": "1981-03-21",
        "gender": 6,
        "user": 44
    },
    "model": "users.member",
    "pk": 10
},
{
    "fields": {
        "dob": "1991-06-13",
        "gender": 5,
        "user": 45
    },
    "model": "users.member",
    "pk": 11
},
{
    "fields": {
        "dob": "1980-11-23",
        "gender": 8,
        "user": 46
    },
    "model": "users.member",
    "pk": 12
},
{
    "fields": {
        "dob": "1986-06-03",
        "gender": 5,
        "user": 47
    },
    "model": "users.member",
    "pk": 13
},
{
    "fields": {
        "name": "United Kingdom"
    },
    "model": "users.country",
    "pk": 30
},
{
    "fields": {
        "name": "Algeria"
    },
    "model": "users.country",
    "pk": 31
},
{
    "fields": {
        "name": "Australia"
    },
    "model": "users.country",
    "pk": 32
},
{
    "fields": {
        "name": "Austria"
    },
    "model": "users.country",
    "pk": 33
},
{
    "fields": {
        "name": "Belgium"
    },
    "model": "users.country",
    "pk": 34
},
{
    "fields": {
        "name": "Brazil"
    },
    "model": "users.country",
    "pk": 35
},
{
    "fields": {
        "name": "Costa Rica"
    },
    "model": "users.country",
    "pk": 36
},
{
    "fields": {
        "name": "Denmark"
    },
    "model": "users.country",
    "pk": 37
},
{
    "fields": {
        "name": "Egypt"
    },
    "model": "users.country",
    "pk": 38
},
{
    "fields": {
        "name": "Estonia"
    },
    "model": "users.country",
    "pk": 39
},
{
    "fields": {
        "name": "Finland"
    },
    "model": "users.country",
    "pk": 40
},
{
    "fields": {
        "name": "France"
    },
    "model": "users.country",
    "pk": 41
},
{
    "fields": {
        "name": "Germany"
    },
    "model": "users.country",
    "pk": 42
},
{
    "fields": {
        "name": "Greece"
    },
    "model": "users.country",
    "pk": 43
},
{
    "fields": {
        "name": "India"
    },
    "model": "users.country",
    "pk": 44
},
{
    "fields": {
        "name": "Japan"
    },
    "model": "users.country",
    "pk": 45
},
{
    "fields": {
        "name": "Korea"
    },
    "model": "users.country",
    "pk": 46
},
{
    "fields": {
        "name": "Mexico"
    },
    "model": "users.country",
    "pk": 47
},
{
    "fields": {
        "name": "New Zealand"
    },
    "model": "users.country",
    "pk": 48
},
{
    "fields": {
        "name": "Norway"
    },
    "model": "users.country",
    "pk": 49
},
{
    "fields": {
        "name": "Poland"
    },
    "model": "users.country",
    "pk": 50
},
{
    "fields": {
        "name": "Romania"
    },
    "model": "users.country",
    "pk": 51
},
{
    "fields": {
        "name": "Singapore"
    },
    "model": "users.country",
    "pk": 52
},
{
    "fields": {
        "name": "Spain"
    },
    "model": "users.country",
    "pk": 53
},
{
    "fields": {
        "name": "Taiwan"
    },
    "model": "users.country",
    "pk": 54
},
{
    "fields": {
        "name": "Turkey"
    },
    "model": "users.country",
    "pk": 55
},
{
    "fields": {
        "name": "United States"
    },
    "model": "users.country",
    "pk": 56
},
{
    "fields": {
        "name": "Iran"
    },
    "model": "users.country",
    "pk": 57
},
{
    "fields": {
        "name": "Peru"
    },
    "model": "users.country",
    "pk": 58
},
{
    "fields": {
        "town": "bob town",
        "resident": 42,
        "country": 54,
        "active": true,
        "postcode": "bo6 6ob",
        "line_1": "bob bungalow",
        "line_2": "bob gardens"
    },
    "model": "users.address",
    "pk": 9
},
{
    "fields": {
        "town": "charlotte town",
        "resident": 43,
        "country": 40,
        "active": true,
        "postcode": "ch4 7ot",
        "line_1": "charlotte chambers",
        "line_2": "charlotte meadow"
    },
    "model": "users.address",
    "pk": 10
},
{
    "fields": {
        "town": "admin towntown",
        "resident": 41,
        "country": 39,
        "active": true,
        "postcode": "as09 9uy",
        "line_1": "admin house",
        "line_2": "testsetset"
    },
    "model": "users.address",
    "pk": 16
},
{
    "fields": {
        "town": "danni town",
        "resident": 44,
        "country": 45,
        "active": true,
        "postcode": "da777ni",
        "line_1": "danni's dam",
        "line_2": "danni lake"
    },
    "model": "users.address",
    "pk": 20
},
{
    "fields": {
        "town": "elsa planty plant plant",
        "resident": 45,
        "country": 51,
        "active": true,
        "postcode": "el54 5el",
        "line_1": "elsa's electricity plant",
        "line_2": ""
    },
    "model": "users.address",
    "pk": 21
},
{
    "fields": {
        "town": "fred fields",
        "resident": 46,
        "country": 41,
        "active": true,
        "postcode": "fr30 8oo",
        "line_1": "fred's farm",
        "line_2": ""
    },
    "model": "users.address",
    "pk": 22
},
{
    "fields": {
        "town": "gem town",
        "resident": 47,
        "country": 44,
        "active": true,
        "postcode": "ge66 6ma",
        "line_1": "gemma's garage",
        "line_2": ""
    },
    "model": "users.address",
    "pk": 23
},
{
    "fields": {
        "town": "Snow Mountain",
        "resident": 41,
        "country": 43,
        "active": true,
        "postcode": "SN03 1CE",
        "line_1": "58 Ice House",
        "line_2": "Frozen Way"
    },
    "model": "users.address",
    "pk": 42
},
{
    "fields": {
        "town": "Woodstock City",
        "resident": 41,
        "country": 56,
        "active": true,
        "postcode": "WO10 5ST",
        "line_1": "12 Lumber Way",
        "line_2": ""
    },
    "model": "users.address",
    "pk": 43
},
{
    "fields": {
        "town": "Ipswich",
        "resident": 41,
        "country": 30,
        "active": true,
        "postcode": "IP4 3HB",
        "line_1": "58 Renfrew Road",
        "line_2": ""
    },
    "model": "users.address",
    "pk": 44
},
{
    "fields": {
        "town": "York",
        "resident": 41,
        "country": 30,
        "active": true,
        "postcode": "YO10 3TJ",
        "line_1": "112 Alcuin Avenue",
        "line_2": ""
    },
    "model": "users.address",
    "pk": 45
},
{
    "fields": {
        "town": "Admin Town",
        "resident": 41,
        "country": 40,
        "active": true,
        "postcode": "AD14 4IN",
        "line_1": "43 Admin House",
        "line_2": "Admin Avenue"
    },
    "model": "users.address",
    "pk": 46
}
]
